{"ID":482,"ContainerName":"","dockerID":"1560205b37e722c487bef9a32a488f0eacf984a7dfb446fef1b0aad32385bfa7","DockerNetworkID":"","DockerEndpointID":"","IfName":"lxc9f888d020df3","IfIndex":92,"ParentIfIndex":0,"ContainerIfName":"eth0","DisableLegacyIdentifiers":false,"OpLabels":{"Custom":{},"OrchestrationIdentity":{"io.cilium.k8s.namespace.labels.kubernetes.io/metadata.name":{"key":"io.cilium.k8s.namespace.labels.kubernetes.io/metadata.name","value":"kube-system","source":"k8s"},"io.cilium.k8s.policy.cluster":{"key":"io.cilium.k8s.policy.cluster","value":"default","source":"k8s"},"io.cilium.k8s.policy.serviceaccount":{"key":"io.cilium.k8s.policy.serviceaccount","value":"coredns","source":"k8s"},"io.kubernetes.pod.namespace":{"key":"io.kubernetes.pod.namespace","value":"kube-system","source":"k8s"},"k8s-app":{"key":"k8s-app","value":"kube-dns","source":"k8s"}},"Disabled":{},"OrchestrationInfo":{"pod-template-hash":{"key":"pod-template-hash","value":"54558b56c7","source":"k8s"}}},"LXCMAC":"22:b2:68:ca:d6:e9","IPv6":"","IPv6IPAMPool":"","IPv4":"10.0.1.184","IPv4IPAMPool":"default","NodeMAC":"0a:f4:f4:a7:f1:cc","SecLabel":{"id":24121,"labels":{"io.cilium.k8s.namespace.labels.kubernetes.io/metadata.name":{"key":"io.cilium.k8s.namespace.labels.kubernetes.io/metadata.name","value":"kube-system","source":"k8s"},"io.cilium.k8s.policy.cluster":{"key":"io.cilium.k8s.policy.cluster","value":"default","source":"k8s"},"io.cilium.k8s.policy.serviceaccount":{"key":"io.cilium.k8s.policy.serviceaccount","value":"coredns","source":"k8s"},"io.kubernetes.pod.namespace":{"key":"io.kubernetes.pod.namespace","value":"kube-system","source":"k8s"},"k8s-app":{"key":"k8s-app","value":"kube-dns","source":"k8s"}}},"Options":{"map":{"ConntrackAccounting":0,"Debug":0,"DebugLB":0,"DebugPolicy":0,"DropNotification":1,"MonitorAggregationLevel":3,"PolicyAccounting":1,"PolicyAuditMode":0,"PolicyVerdictNotification":1,"SourceIPVerification":1,"TraceNotification":1}},"DNSRules":{},"DNSRulesV2":{},"DNSHistory":[],"DNSZombies":{},"K8sPodName":"coredns-54558b56c7-tsmph","K8sNamespace":"kube-system","K8sUID":"5c296c83-a595-4cfc-b8d8-158cf9a53989","DatapathConfiguration":{},"CiliumEndpointUID":"e3a6439a-1919-4841-ae1d-a0e52fa099d5","Properties":{},"NetnsCookie":12292}