{"ID":3788,"ContainerName":"","DockerNetworkID":"","DockerEndpointID":"","IfName":"cilium_host","IfIndex":4,"ParentIfIndex":0,"ContainerIfName":"","DisableLegacyIdentifiers":false,"OpLabels":{"Custom":{"node-role.kubernetes.io/worker":{"key":"node-role.kubernetes.io/worker","source":"k8s"}},"OrchestrationIdentity":{"host":{"key":"host","source":"reserved"},"k8slens-edit-resource-version":{"key":"k8slens-edit-resource-version","value":"v1","source":"k8s"},"node-role.kubernetes.io/worker":{"key":"node-role.kubernetes.io/worker","source":"k8s"}},"Disabled":{},"OrchestrationInfo":{"host":{"key":"host","source":"reserved"},"k8slens-edit-resource-version":{"key":"k8slens-edit-resource-version","value":"v1","source":"k8s"},"node-role.kubernetes.io/worker":{"key":"node-role.kubernetes.io/worker","source":"k8s"}}},"LXCMAC":"26:e4:9d:a3:4e:a3","IPv6":"","IPv6IPAMPool":"","IPv4":"","IPv4IPAMPool":"","NodeMAC":"26:e4:9d:a3:4e:a3","SecLabel":{"id":1,"labels":{"host":{"key":"host","source":"reserved"},"k8slens-edit-resource-version":{"key":"k8slens-edit-resource-version","value":"v1","source":"k8s"},"node-role.kubernetes.io/worker":{"key":"node-role.kubernetes.io/worker","source":"k8s"}}},"Options":{"map":{"ConntrackAccounting":0,"Debug":0,"DebugLB":0,"DebugPolicy":0,"DropNotification":1,"MonitorAggregationLevel":3,"PolicyAccounting":1,"PolicyAuditMode":0,"PolicyVerdictNotification":1,"SourceIPVerification":1,"TraceNotification":1}},"DNSRules":{},"DNSRulesV2":{},"DNSHistory":[],"DNSZombies":{},"K8sPodName":"","K8sNamespace":"","K8sUID":"","DatapathConfiguration":{},"CiliumEndpointUID":"","Properties":{},"NetnsCookie":0}