{"ID":274,"ContainerName":"","dockerID":"321c54f7fe9e0e378913c1d36e18850ef301171369db90cf98a874f2d177d1ff","DockerNetworkID":"","DockerEndpointID":"","IfName":"lxc5ca0daa43914","IfIndex":90,"ParentIfIndex":0,"ContainerIfName":"eth0","DisableLegacyIdentifiers":false,"OpLabels":{"Custom":{},"OrchestrationIdentity":{"app.kubernetes.io/name":{"key":"app.kubernetes.io/name","value":"hubble-relay","source":"k8s"},"app.kubernetes.io/part-of":{"key":"app.kubernetes.io/part-of","value":"cilium","source":"k8s"},"io.cilium.k8s.namespace.labels.kubernetes.io/metadata.name":{"key":"io.cilium.k8s.namespace.labels.kubernetes.io/metadata.name","value":"kube-system","source":"k8s"},"io.cilium.k8s.policy.cluster":{"key":"io.cilium.k8s.policy.cluster","value":"default","source":"k8s"},"io.cilium.k8s.policy.serviceaccount":{"key":"io.cilium.k8s.policy.serviceaccount","value":"hubble-relay","source":"k8s"},"io.kubernetes.pod.namespace":{"key":"io.kubernetes.pod.namespace","value":"kube-system","source":"k8s"},"k8s-app":{"key":"k8s-app","value":"hubble-relay","source":"k8s"}},"Disabled":{},"OrchestrationInfo":{"pod-template-hash":{"key":"pod-template-hash","value":"6b7b5877f4","source":"k8s"}}},"LXCMAC":"6e:26:c7:e0:f6:95","IPv6":"","IPv6IPAMPool":"","IPv4":"10.0.0.43","IPv4IPAMPool":"default","NodeMAC":"12:59:28:a0:89:94","SecLabel":{"id":17157,"labels":{"app.kubernetes.io/name":{"key":"app.kubernetes.io/name","value":"hubble-relay","source":"k8s"},"app.kubernetes.io/part-of":{"key":"app.kubernetes.io/part-of","value":"cilium","source":"k8s"},"io.cilium.k8s.namespace.labels.kubernetes.io/metadata.name":{"key":"io.cilium.k8s.namespace.labels.kubernetes.io/metadata.name","value":"kube-system","source":"k8s"},"io.cilium.k8s.policy.cluster":{"key":"io.cilium.k8s.policy.cluster","value":"default","source":"k8s"},"io.cilium.k8s.policy.serviceaccount":{"key":"io.cilium.k8s.policy.serviceaccount","value":"hubble-relay","source":"k8s"},"io.kubernetes.pod.namespace":{"key":"io.kubernetes.pod.namespace","value":"kube-system","source":"k8s"},"k8s-app":{"key":"k8s-app","value":"hubble-relay","source":"k8s"}}},"Options":{"map":{"ConntrackAccounting":0,"Debug":0,"DebugLB":0,"DebugPolicy":0,"DropNotification":1,"MonitorAggregationLevel":3,"PolicyAccounting":1,"PolicyAuditMode":0,"PolicyVerdictNotification":1,"SourceIPVerification":1,"TraceNotification":1}},"DNSRules":{},"DNSRulesV2":{},"DNSHistory":[],"DNSZombies":{},"K8sPodName":"hubble-relay-6b7b5877f4-vfr4c","K8sNamespace":"kube-system","K8sUID":"6678686c-9821-4022-bd18-239c984e187a","DatapathConfiguration":{},"CiliumEndpointUID":"ca1f54cb-064b-4484-a9aa-ba4c7d0f79a4","Properties":{},"NetnsCookie":20490}