{"ID":33,"ContainerName":"","dockerID":"3b8977b0dd99a56e2e4c8369822d02c50cbb6e8a2cbae8ee27ce399393445d10","DockerNetworkID":"","DockerEndpointID":"","IfName":"lxcf9e134da9662","IfIndex":94,"ParentIfIndex":0,"ContainerIfName":"eth0","DisableLegacyIdentifiers":false,"OpLabels":{"Custom":{},"OrchestrationIdentity":{"io.cilium.k8s.namespace.labels.kubernetes.io/metadata.name":{"key":"io.cilium.k8s.namespace.labels.kubernetes.io/metadata.name","value":"kube-system","source":"k8s"},"io.cilium.k8s.policy.cluster":{"key":"io.cilium.k8s.policy.cluster","value":"default","source":"k8s"},"io.cilium.k8s.policy.serviceaccount":{"key":"io.cilium.k8s.policy.serviceaccount","value":"coredns","source":"k8s"},"io.kubernetes.pod.namespace":{"key":"io.kubernetes.pod.namespace","value":"kube-system","source":"k8s"},"k8s-app":{"key":"k8s-app","value":"kube-dns","source":"k8s"}},"Disabled":{},"OrchestrationInfo":{"pod-template-hash":{"key":"pod-template-hash","value":"54558b56c7","source":"k8s"}}},"LXCMAC":"86:28:9e:26:0f:a5","IPv6":"","IPv6IPAMPool":"","IPv4":"10.0.0.220","IPv4IPAMPool":"default","NodeMAC":"52:b7:d0:6a:ac:bd","SecLabel":{"id":24121,"labels":{"io.cilium.k8s.namespace.labels.kubernetes.io/metadata.name":{"key":"io.cilium.k8s.namespace.labels.kubernetes.io/metadata.name","value":"kube-system","source":"k8s"},"io.cilium.k8s.policy.cluster":{"key":"io.cilium.k8s.policy.cluster","value":"default","source":"k8s"},"io.cilium.k8s.policy.serviceaccount":{"key":"io.cilium.k8s.policy.serviceaccount","value":"coredns","source":"k8s"},"io.kubernetes.pod.namespace":{"key":"io.kubernetes.pod.namespace","value":"kube-system","source":"k8s"},"k8s-app":{"key":"k8s-app","value":"kube-dns","source":"k8s"}}},"Options":{"map":{"ConntrackAccounting":0,"Debug":0,"DebugLB":0,"DebugPolicy":0,"DropNotification":1,"MonitorAggregationLevel":3,"PolicyAccounting":1,"PolicyAuditMode":0,"PolicyVerdictNotification":1,"SourceIPVerification":1,"TraceNotification":1}},"DNSRules":{},"DNSRulesV2":{},"DNSHistory":[],"DNSZombies":{},"K8sPodName":"coredns-54558b56c7-zth5g","K8sNamespace":"kube-system","K8sUID":"ffad25fa-987f-4ff7-b637-8ab5ba2681e2","DatapathConfiguration":{},"CiliumEndpointUID":"65a72773-4202-4d3c-baad-fab9e3ed918e","Properties":{},"NetnsCookie":24587}