{"ID":3132,"ContainerName":"","dockerID":"6a4461c1dc02ad357d5ac1ddf3cff298d0df8f963cf3c718dd9df95a328ce981","DockerNetworkID":"","DockerEndpointID":"","IfName":"lxcb16c490a744c","IfIndex":66,"ParentIfIndex":0,"ContainerIfName":"eth0","DisableLegacyIdentifiers":false,"OpLabels":{"Custom":{},"OrchestrationIdentity":{"io.cilium.k8s.namespace.labels.kubernetes.io/metadata.name":{"key":"io.cilium.k8s.namespace.labels.kubernetes.io/metadata.name","value":"kube-system","source":"k8s"},"io.cilium.k8s.policy.cluster":{"key":"io.cilium.k8s.policy.cluster","value":"default","source":"k8s"},"io.cilium.k8s.policy.serviceaccount":{"key":"io.cilium.k8s.policy.serviceaccount","value":"metrics-server","source":"k8s"},"io.kubernetes.pod.namespace":{"key":"io.kubernetes.pod.namespace","value":"kube-system","source":"k8s"},"k8s-app":{"key":"k8s-app","value":"metrics-server","source":"k8s"}},"Disabled":{},"OrchestrationInfo":{"pod-template-hash":{"key":"pod-template-hash","value":"7f4c46496","source":"k8s"}}},"LXCMAC":"7e:95:3f:3c:c8:59","IPv6":"","IPv6IPAMPool":"","IPv4":"10.0.1.156","IPv4IPAMPool":"default","NodeMAC":"7e:d0:45:7e:3f:c1","SecLabel":{"id":45704,"labels":{"io.cilium.k8s.namespace.labels.kubernetes.io/metadata.name":{"key":"io.cilium.k8s.namespace.labels.kubernetes.io/metadata.name","value":"kube-system","source":"k8s"},"io.cilium.k8s.policy.cluster":{"key":"io.cilium.k8s.policy.cluster","value":"default","source":"k8s"},"io.cilium.k8s.policy.serviceaccount":{"key":"io.cilium.k8s.policy.serviceaccount","value":"metrics-server","source":"k8s"},"io.kubernetes.pod.namespace":{"key":"io.kubernetes.pod.namespace","value":"kube-system","source":"k8s"},"k8s-app":{"key":"k8s-app","value":"metrics-server","source":"k8s"}}},"Options":{"map":{"ConntrackAccounting":0,"Debug":0,"DebugLB":0,"DebugPolicy":0,"DropNotification":1,"MonitorAggregationLevel":3,"PolicyAccounting":1,"PolicyAuditMode":0,"PolicyVerdictNotification":1,"SourceIPVerification":1,"TraceNotification":1}},"DNSRules":{},"DNSRulesV2":{},"DNSHistory":[],"DNSZombies":{},"K8sPodName":"metrics-server-7f4c46496-hwgxn","K8sNamespace":"kube-system","K8sUID":"b9f15bf7-74eb-48ec-9be9-381806bd73fa","DatapathConfiguration":{},"CiliumEndpointUID":"7423051d-2104-479f-a7c2-11ad8661215b","Properties":{},"NetnsCookie":28678}