{
 "version": "266d5a01d1d55bd1d60148f991b98dac0390d363/1.34.4/Distribution/RELEASE/BoringSSL",
 "state": "LIVE",
 "uptime_current_epoch": "966s",
 "uptime_all_epochs": "966s",
 "hot_restart_version": "11.104",
 "command_line_options": {
  "base_id": "0",
  "concurrency": 8,
  "config_path": "/var/run/cilium/envoy/bootstrap-config.json",
  "config_yaml": "",
  "allow_unknown_static_fields": false,
  "admin_address_path": "",
  "local_address_ip_version": "v4",
  "log_level": "info",
  "component_log_level": "",
  "log_format": "[%Y-%m-%d %T.%e][%t][%l][%n] [%g:%#] %v",
  "log_path": "",
  "service_cluster": "",
  "service_node": "",
  "service_zone": "",
  "file_flush_interval": "10s",
  "drain_time": "600s",
  "parent_shutdown_time": "900s",
  "mode": "Serve",
  "disable_hot_restart": false,
  "enable_mutex_tracing": false,
  "restart_epoch": 0,
  "cpuset_threads": false,
  "reject_unknown_dynamic_fields": false,
  "log_format_escaped": false,
  "disabled_extensions": [],
  "ignore_unknown_dynamic_fields": false,
  "use_dynamic_base_id": false,
  "base_id_path": "",
  "drain_strategy": "Gradual",
  "enable_fine_grain_logging": false,
  "socket_path": "@envoy_domain_socket",
  "socket_mode": 0,
  "enable_core_dump": false,
  "stats_tag": [],
  "skip_hot_restart_on_no_parent": false,
  "skip_hot_restart_parent_stats": false,
  "skip_deprecated_logs": false
 },
 "node": {
  "id": "host~127.0.0.1~no-id~localdomain",
  "cluster": "ingress-cluster",
  "user_agent_name": "envoy",
  "user_agent_build_version": {
   "version": {
    "major_number": 1,
    "minor_number": 34,
    "patch": 4
   },
   "metadata": {
    "revision.sha": "266d5a01d1d55bd1d60148f991b98dac0390d363",
    "build.type": "RELEASE",
    "ssl.version": "BoringSSL",
    "revision.status": "Distribution"
   }
  },
  "extensions": [
   {
    "name": "envoy.filters.udp.session.dynamic_forward_proxy",
    "category": "envoy.filters.udp.session",
    "type_descriptor": "",
    "disabled": false,
    "type_urls": [
     "envoy.extensions.filters.udp.udp_proxy.session.dynamic_forward_proxy.v3.FilterConfig"
    ]
   },
   {
    "name": "envoy.filters.udp.session.http_capsule",
    "category": "envoy.filters.udp.session",
    "type_descriptor": "",
    "disabled": false,
    "type_urls": [
     "envoy.extensions.filters.udp.udp_proxy.session.http_capsule.v3.FilterConfig"
    ]
   },
   {
    "name": "envoy.tls.cert_validator.default",
    "category": "envoy.tls.cert_validator",
    "type_descriptor": "",
    "disabled": false,
    "type_urls": []
   },
   {
    "name": "envoy.upstream.local_address_selector.default_local_address_selector",
    "category": "envoy.upstream.local_address_selector",
    "type_descriptor": "",
    "disabled": false,
    "type_urls": [
     "envoy.config.upstream.local_address_selector.v3.DefaultLocalAddressSelector"
    ]
   },
   {
    "name": "cilium.tls_wrapper",
    "category": "envoy.transport_sockets.downstream",
    "type_descriptor": "",
    "disabled": false,
    "type_urls": [
     "cilium.DownstreamTlsWrapperContext"
    ]
   },
   {
    "name": "envoy.transport_sockets.quic",
    "category": "envoy.transport_sockets.downstream",
    "type_descriptor": "",
    "disabled": false,
    "type_urls": [
     "envoy.extensions.transport_sockets.quic.v3.QuicDownstreamTransport"
    ]
   },
   {
    "name": "envoy.transport_sockets.raw_buffer",
    "category": "envoy.transport_sockets.downstream",
    "type_descriptor": "",
    "disabled": false,
    "type_urls": [
     "envoy.extensions.transport_sockets.raw_buffer.v3.RawBuffer"
    ]
   },
   {
    "name": "envoy.transport_sockets.tls",
    "category": "envoy.transport_sockets.downstream",
    "type_descriptor": "",
    "disabled": false,
    "type_urls": [
     "envoy.extensions.transport_sockets.tls.v3.DownstreamTlsContext"
    ]
   },
   {
    "name": "raw_buffer",
    "category": "envoy.transport_sockets.downstream",
    "type_descriptor": "",
    "disabled": false,
    "type_urls": []
   },
   {
    "name": "tls",
    "category": "envoy.transport_sockets.downstream",
    "type_descriptor": "",
    "disabled": false,
    "type_urls": []
   },
   {
    "name": "envoy.http.header_validators.envoy_default",
    "category": "envoy.http.header_validators",
    "type_descriptor": "",
    "disabled": false,
    "type_urls": [
     "envoy.extensions.http.header_validators.envoy_default.v3.HeaderValidatorConfig"
    ]
   },
   {
    "name": "envoy.resource_monitors.global_downstream_max_connections",
    "category": "envoy.resource_monitors",
    "type_descriptor": "",
    "disabled": false,
    "type_urls": [
     "envoy.extensions.resource_monitors.downstream_connections.v3.DownstreamConnectionsConfig"
    ]
   },
   {
    "name": "envoy.rbac.principals.mtls_authenticated",
    "category": "envoy.rbac.principals",
    "type_descriptor": "",
    "disabled": false,
    "type_urls": [
     "envoy.extensions.rbac.principals.mtls_authenticated.v3.Config"
    ]
   },
   {
    "name": "envoy.quic.proof_source.filter_chain",
    "category": "envoy.quic.proof_source",
    "type_descriptor": "",
    "disabled": false,
    "type_urls": [
     "envoy.extensions.quic.proof_source.v3.ProofSourceConfig"
    ]
   },
   {
    "name": "envoy.network.application_protocols",
    "category": "filter_state.object",
    "type_descriptor": "",
    "disabled": false,
    "type_urls": []
   },
   {
    "name": "envoy.network.transport_socket.original_dst_address",
    "category": "filter_state.object",
    "type_descriptor": "",
    "disabled": false,
    "type_urls": []
   },
   {
    "name": "envoy.network.upstream_server_name",
    "category": "filter_state.object",
    "type_descriptor": "",
    "disabled": false,
    "type_urls": []
   },
   {
    "name": "envoy.network.upstream_subject_alt_names",
    "category": "filter_state.object",
    "type_descriptor": "",
    "disabled": false,
    "type_urls": []
   },
   {
    "name": "envoy.ratelimit.hits_addend",
    "category": "filter_state.object",
    "type_descriptor": "",
    "disabled": false,
    "type_urls": []
   },
   {
    "name": "envoy.string",
    "category": "filter_state.object",
    "type_descriptor": "",
    "disabled": false,
    "type_urls": []
   },
   {
    "name": "envoy.tcp_proxy.cluster",
    "category": "filter_state.object",
    "type_descriptor": "",
    "disabled": false,
    "type_urls": []
   },
   {
    "name": "envoy.tcp_proxy.disable_tunneling",
    "category": "filter_state.object",
    "type_descriptor": "",
    "disabled": false,
    "type_urls": []
   },
   {
    "name": "envoy.tcp_proxy.per_connection_idle_timeout_ms",
    "category": "filter_state.object",
    "type_descriptor": "",
    "disabled": false,
    "type_urls": []
   },
   {
    "name": "envoy.upstream.dynamic_host",
    "category": "filter_state.object",
    "type_descriptor": "",
    "disabled": false,
    "type_urls": []
   },
   {
    "name": "envoy.upstream.dynamic_port",
    "category": "filter_state.object",
    "type_descriptor": "",
    "disabled": false,
    "type_urls": []
   },
   {
    "name": "cilium.health_check.event_sink.pipe",
    "category": "envoy.health_check.event_sinks",
    "type_descriptor": "",
    "disabled": false,
    "type_urls": [
     "cilium.HealthCheckEventPipeSink"
    ]
   },
   {
    "name": "envoy.health_check.event_sink.file",
    "category": "envoy.health_check.event_sinks",
    "type_descriptor": "",
    "disabled": false,
    "type_urls": [
     "envoy.extensions.health_check.event_sinks.file.v3.HealthCheckEventFileSink"
    ]
   },
   {
    "name": "envoy.matching.matchers.cel_matcher",
    "category": "envoy.matching.input_matchers",
    "type_descriptor": "",
    "disabled": false,
    "type_urls": [
     "xds.type.matcher.v3.CelMatcher"
    ]
   },
   {
    "name": "envoy.watchdog.abort_action",
    "category": "envoy.guarddog_actions",
    "type_descriptor": "",
    "disabled": false,
    "type_urls": [
     "envoy.watchdog.v3.AbortActionConfig"
    ]
   },
   {
    "name": "envoy.quic.deterministic_connection_id_generator",
    "category": "envoy.quic.connection_id_generator",
    "type_descriptor": "",
    "disabled": false,
    "type_urls": [
     "envoy.extensions.quic.connection_id_generator.v3.DeterministicConnectionIdGeneratorConfig"
    ]
   },
   {
    "name": "envoy.listener_manager_impl.default",
    "category": "envoy.listener_manager_impl",
    "type_descriptor": "",
    "disabled": false,
    "type_urls": [
     "envoy.config.listener.v3.ListenerManager"
    ]
   },
   {
    "name": "envoy.listener_manager_impl.validation",
    "category": "envoy.listener_manager_impl",
    "type_descriptor": "",
    "disabled": false,
    "type_urls": [
     "envoy.config.listener.v3.ValidationListenerManager"
    ]
   },
   {
    "name": "envoy.path.match.uri_template.uri_template_matcher",
    "category": "envoy.path.match",
    "type_descriptor": "",
    "disabled": false,
    "type_urls": [
     "envoy.extensions.path.match.uri_template.v3.UriTemplateMatchConfig"
    ]
   },
   {
    "name": "envoy.rate_limit_descriptors.expr",
    "category": "envoy.rate_limit_descriptors",
    "type_descriptor": "",
    "disabled": false,
    "type_urls": [
     "envoy.extensions.rate_limit_descriptors.expr.v3.Descriptor"
    ]
   },
   {
    "name": "envoy.rds_factory.default",
    "category": "envoy.rds_factory",
    "type_descriptor": "",
    "disabled": false,
    "type_urls": []
   },
   {
    "name": "envoy.access_loggers.extension_filters.cel",
    "category": "envoy.access_loggers.extension_filters",
    "type_descriptor": "",
    "disabled": false,
    "type_urls": [
     "envoy.extensions.access_loggers.filters.cel.v3.ExpressionFilter"
    ]
   },
   {
    "name": "envoy.path.rewrite.uri_template.uri_template_rewriter",
    "category": "envoy.path.rewrite",
    "type_descriptor": "",
    "disabled": false,
    "type_urls": [
     "envoy.extensions.path.rewrite.uri_template.v3.UriTemplateRewriteConfig"
    ]
   },
   {
    "name": "envoy.quic.crypto_stream.server.quiche",
    "category": "envoy.quic.server.crypto_stream",
    "type_descriptor": "",
    "disabled": false,
    "type_urls": [
     "envoy.extensions.quic.crypto_stream.v3.CryptoServerStreamConfig"
    ]
   },
   {
    "name": "envoy.bootstrap.internal_listener",
    "category": "envoy.bootstrap",
    "type_descriptor": "",
    "disabled": false,
    "type_urls": [
     "envoy.extensions.bootstrap.internal_listener.v3.InternalListener"
    ]
   },
   {
    "name": "envoy.bootstrap.wasm",
    "category": "envoy.bootstrap",
    "type_descriptor": "",
    "disabled": false,
    "type_urls": [
     "envoy.extensions.wasm.v3.WasmService"
    ]
   },
   {
    "name": "envoy.extensions.network.socket_interface.default_socket_interface",
    "category": "envoy.bootstrap",
    "type_descriptor": "",
    "disabled": false,
    "type_urls": [
     "envoy.extensions.network.socket_interface.v3.DefaultSocketInterface"
    ]
   },
   {
    "name": "envoy.http.original_ip_detection.xff",
    "category": "envoy.http.original_ip_detection",
    "type_descriptor": "",
    "disabled": false,
    "type_urls": [
     "envoy.extensions.http.original_ip_detection.xff.v3.XffConfig"
    ]
   },
   {
    "name": "envoy.built_in_formatters.http.default",
    "category": "envoy.built_in_formatters",
    "type_descriptor": "",
    "disabled": false,
    "type_urls": []
   },
   {
    "name": "envoy.built_in_formatters.stream_info.default",
    "category": "envoy.built_in_formatters",
    "type_descriptor": "",
    "disabled": false,
    "type_urls": []
   },
   {
    "name": "envoy.ip",
    "category": "envoy.resolvers",
    "type_descriptor": "",
    "disabled": false,
    "type_urls": []
   },
   {
    "name": "envoy.config_mux.delta_grpc_mux_factory",
    "category": "envoy.config_mux",
    "type_descriptor": "",
    "disabled": false,
    "type_urls": []
   },
   {
    "name": "envoy.config_mux.grpc_mux_factory",
    "category": "envoy.config_mux",
    "type_descriptor": "",
    "disabled": false,
    "type_urls": []
   },
   {
    "name": "envoy.config_mux.new_grpc_mux_factory",
    "category": "envoy.config_mux",
    "type_descriptor": "",
    "disabled": false,
    "type_urls": []
   },
   {
    "name": "envoy.config_mux.sotw_grpc_mux_factory",
    "category": "envoy.config_mux",
    "type_descriptor": "",
    "disabled": false,
    "type_urls": []
   },
   {
    "name": "envoy.access_loggers.file",
    "category": "envoy.access_loggers",
    "type_descriptor": "",
    "disabled": false,
    "type_urls": [
     "envoy.extensions.access_loggers.file.v3.FileAccessLog"
    ]
   },
   {
    "name": "envoy.access_loggers.fluentd",
    "category": "envoy.access_loggers",
    "type_descriptor": "",
    "disabled": false,
    "type_urls": [
     "envoy.extensions.access_loggers.fluentd.v3.FluentdAccessLogConfig"
    ]
   },
   {
    "name": "envoy.access_loggers.http_grpc",
    "category": "envoy.access_loggers",
    "type_descriptor": "",
    "disabled": false,
    "type_urls": [
     "envoy.extensions.access_loggers.grpc.v3.HttpGrpcAccessLogConfig"
    ]
   },
   {
    "name": "envoy.access_loggers.open_telemetry",
    "category": "envoy.access_loggers",
    "type_descriptor": "",
    "disabled": false,
    "type_urls": [
     "envoy.extensions.access_loggers.open_telemetry.v3.OpenTelemetryAccessLogConfig"
    ]
   },
   {
    "name": "envoy.access_loggers.stderr",
    "category": "envoy.access_loggers",
    "type_descriptor": "",
    "disabled": false,
    "type_urls": [
     "envoy.extensions.access_loggers.stream.v3.StderrAccessLog"
    ]
   },
   {
    "name": "envoy.access_loggers.stdout",
    "category": "envoy.access_loggers",
    "type_descriptor": "",
    "disabled": false,
    "type_urls": [
     "envoy.extensions.access_loggers.stream.v3.StdoutAccessLog"
    ]
   },
   {
    "name": "envoy.access_loggers.tcp_grpc",
    "category": "envoy.access_loggers",
    "type_descriptor": "",
    "disabled": false,
    "type_urls": [
     "envoy.extensions.access_loggers.grpc.v3.TcpGrpcAccessLogConfig"
    ]
   },
   {
    "name": "envoy.access_loggers.wasm",
    "category": "envoy.access_loggers",
    "type_descriptor": "",
    "disabled": false,
    "type_urls": [
     "envoy.extensions.access_loggers.wasm.v3.WasmAccessLog"
    ]
   },
   {
    "name": "envoy.file_access_log",
    "category": "envoy.access_loggers",
    "type_descriptor": "",
    "disabled": false,
    "type_urls": []
   },
   {
    "name": "envoy.fluentd_access_log",
    "category": "envoy.access_loggers",
    "type_descriptor": "",
    "disabled": false,
    "type_urls": []
   },
   {
    "name": "envoy.http_grpc_access_log",
    "category": "envoy.access_loggers",
    "type_descriptor": "",
    "disabled": false,
    "type_urls": []
   },
   {
    "name": "envoy.open_telemetry_access_log",
    "category": "envoy.access_loggers",
    "type_descriptor": "",
    "disabled": false,
    "type_urls": []
   },
   {
    "name": "envoy.stderr_access_log",
    "category": "envoy.access_loggers",
    "type_descriptor": "",
    "disabled": false,
    "type_urls": []
   },
   {
    "name": "envoy.stdout_access_log",
    "category": "envoy.access_loggers",
    "type_descriptor": "",
    "disabled": false,
    "type_urls": []
   },
   {
    "name": "envoy.tcp_grpc_access_log",
    "category": "envoy.access_loggers",
    "type_descriptor": "",
    "disabled": false,
    "type_urls": []
   },
   {
    "name": "envoy.wasm_access_log",
    "category": "envoy.access_loggers",
    "type_descriptor": "",
    "disabled": false,
    "type_urls": []
   },
   {
    "name": "envoy.cluster.dns",
    "category": "envoy.clusters",
    "type_descriptor": "",
    "disabled": false,
    "type_urls": [
     "envoy.extensions.clusters.dns.v3.DnsCluster"
    ]
   },
   {
    "name": "envoy.cluster.eds",
    "category": "envoy.clusters",
    "type_descriptor": "",
    "disabled": false,
    "type_urls": []
   },
   {
    "name": "envoy.cluster.logical_dns",
    "category": "envoy.clusters",
    "type_descriptor": "",
    "disabled": false,
    "type_urls": []
   },
   {
    "name": "envoy.cluster.original_dst",
    "category": "envoy.clusters",
    "type_descriptor": "",
    "disabled": false,
    "type_urls": []
   },
   {
    "name": "envoy.cluster.static",
    "category": "envoy.clusters",
    "type_descriptor": "",
    "disabled": false,
    "type_urls": []
   },
   {
    "name": "envoy.cluster.strict_dns",
    "category": "envoy.clusters",
    "type_descriptor": "",
    "disabled": false,
    "type_urls": []
   },
   {
    "name": "envoy.clusters.dynamic_forward_proxy",
    "category": "envoy.clusters",
    "type_descriptor": "",
    "disabled": false,
    "type_urls": [
     "envoy.extensions.clusters.dynamic_forward_proxy.v3.ClusterConfig"
    ]
   },
   {
    "name": "envoy.ssl.server_context_factory.default",
    "category": "envoy.ssl.server_context_factory",
    "type_descriptor": "",
    "disabled": false,
    "type_urls": []
   },
   {
    "name": "envoy.load_balancing_policies.client_side_weighted_round_robin",
    "category": "envoy.load_balancing_policies",
    "type_descriptor": "",
    "disabled": false,
    "type_urls": [
     "envoy.extensions.load_balancing_policies.client_side_weighted_round_robin.v3.ClientSideWeightedRoundRobin"
    ]
   },
   {
    "name": "envoy.load_balancing_policies.cluster_provided",
    "category": "envoy.load_balancing_policies",
    "type_descriptor": "",
    "disabled": false,
    "type_urls": [
     "envoy.extensions.load_balancing_policies.cluster_provided.v3.ClusterProvided"
    ]
   },
   {
    "name": "envoy.load_balancing_policies.least_request",
    "category": "envoy.load_balancing_policies",
    "type_descriptor": "",
    "disabled": false,
    "type_urls": [
     "envoy.extensions.load_balancing_policies.least_request.v3.LeastRequest"
    ]
   },
   {
    "name": "envoy.load_balancing_policies.maglev",
    "category": "envoy.load_balancing_policies",
    "type_descriptor": "",
    "disabled": false,
    "type_urls": [
     "envoy.extensions.load_balancing_policies.maglev.v3.Maglev"
    ]
   },
   {
    "name": "envoy.load_balancing_policies.random",
    "category": "envoy.load_balancing_policies",
    "type_descriptor": "",
    "disabled": false,
    "type_urls": [
     "envoy.extensions.load_balancing_policies.random.v3.Random"
    ]
   },
   {
    "name": "envoy.load_balancing_policies.ring_hash",
    "category": "envoy.load_balancing_policies",
    "type_descriptor": "",
    "disabled": false,
    "type_urls": [
     "envoy.extensions.load_balancing_policies.ring_hash.v3.RingHash"
    ]
   },
   {
    "name": "envoy.load_balancing_policies.round_robin",
    "category": "envoy.load_balancing_policies",
    "type_descriptor": "",
    "disabled": false,
    "type_urls": [
     "envoy.extensions.load_balancing_policies.round_robin.v3.RoundRobin"
    ]
   },
   {
    "name": "envoy.load_balancing_policies.subset",
    "category": "envoy.load_balancing_policies",
    "type_descriptor": "",
    "disabled": false,
    "type_urls": [
     "envoy.extensions.load_balancing_policies.subset.v3.Subset"
    ]
   },
   {
    "name": "auto",
    "category": "envoy.thrift_proxy.protocols",
    "type_descriptor": "",
    "disabled": false,
    "type_urls": []
   },
   {
    "name": "binary",
    "category": "envoy.thrift_proxy.protocols",
    "type_descriptor": "",
    "disabled": false,
    "type_urls": []
   },
   {
    "name": "binary/non-strict",
    "category": "envoy.thrift_proxy.protocols",
    "type_descriptor": "",
    "disabled": false,
    "type_urls": []
   },
   {
    "name": "compact",
    "category": "envoy.thrift_proxy.protocols",
    "type_descriptor": "",
    "disabled": false,
    "type_urls": []
   },
   {
    "name": "twitter",
    "category": "envoy.thrift_proxy.protocols",
    "type_descriptor": "",
    "disabled": false,
    "type_urls": []
   },
   {
    "name": "envoy.srds_factory.default",
    "category": "envoy.srds_factory",
    "type_descriptor": "",
    "disabled": false,
    "type_urls": []
   },
   {
    "name": "envoy.connection_handler.default",
    "category": "envoy.connection_handler",
    "type_descriptor": "",
    "disabled": false,
    "type_urls": []
   },
   {
    "name": "cilium.l7policy",
    "category": "envoy.filters.http.upstream",
    "type_descriptor": "",
    "disabled": false,
    "type_urls": [
     "cilium.L7Policy"
    ]
   },
   {
    "name": "envoy.filters.http.match_delegate",
    "category": "envoy.filters.http.upstream",
    "type_descriptor": "",
    "disabled": false,
    "type_urls": [
     "envoy.extensions.common.matching.v3.ExtensionWithMatcher",
     "envoy.extensions.common.matching.v3.ExtensionWithMatcherPerRoute"
    ]
   },
   {
    "name": "envoy.filters.http.upstream_codec",
    "category": "envoy.filters.http.upstream",
    "type_descriptor": "",
    "disabled": false,
    "type_urls": [
     "envoy.extensions.filters.http.upstream_codec.v3.UpstreamCodec"
    ]
   },
   {
    "name": "envoy.filters.http.wasm",
    "category": "envoy.filters.http.upstream",
    "type_descriptor": "",
    "disabled": false,
    "type_urls": [
     "envoy.extensions.filters.http.wasm.v3.Wasm"
    ]
   },
   {
    "name": "default",
    "category": "network.connection.client",
    "type_descriptor": "",
    "disabled": false,
    "type_urls": []
   },
   {
    "name": "envoy_internal",
    "category": "network.connection.client",
    "type_descriptor": "",
    "disabled": false,
    "type_urls": []
   },
   {
    "name": "envoy.config_subscription.ads",
    "category": "envoy.config_subscription",
    "type_descriptor": "",
    "disabled": false,
    "type_urls": []
   },
   {
    "name": "envoy.config_subscription.ads_collection",
    "category": "envoy.config_subscription",
    "type_descriptor": "",
    "disabled": false,
    "type_urls": []
   },
   {
    "name": "envoy.config_subscription.aggregated_grpc_collection",
    "category": "envoy.config_subscription",
    "type_descriptor": "",
    "disabled": false,
    "type_urls": []
   },
   {
    "name": "envoy.config_subscription.delta_grpc",
    "category": "envoy.config_subscription",
    "type_descriptor": "",
    "disabled": false,
    "type_urls": []
   },
   {
    "name": "envoy.config_subscription.delta_grpc_collection",
    "category": "envoy.config_subscription",
    "type_descriptor": "",
    "disabled": false,
    "type_urls": []
   },
   {
    "name": "envoy.config_subscription.filesystem",
    "category": "envoy.config_subscription",
    "type_descriptor": "",
    "disabled": false,
    "type_urls": []
   },
   {
    "name": "envoy.config_subscription.filesystem_collection",
    "category": "envoy.config_subscription",
    "type_descriptor": "",
    "disabled": false,
    "type_urls": []
   },
   {
    "name": "envoy.config_subscription.grpc",
    "category": "envoy.config_subscription",
    "type_descriptor": "",
    "disabled": false,
    "type_urls": []
   },
   {
    "name": "envoy.request_id.uuid",
    "category": "envoy.request_id",
    "type_descriptor": "",
    "disabled": false,
    "type_urls": [
     "envoy.extensions.request_id.uuid.v3.UuidRequestIdConfig"
    ]
   },
   {
    "name": "envoy.health_checkers.grpc",
    "category": "envoy.health_checkers",
    "type_descriptor": "",
    "disabled": false,
    "type_urls": [
     "envoy.config.core.v3.HealthCheck.GrpcHealthCheck"
    ]
   },
   {
    "name": "envoy.health_checkers.http",
    "category": "envoy.health_checkers",
    "type_descriptor": "",
    "disabled": false,
    "type_urls": [
     "envoy.config.core.v3.HealthCheck.HttpHealthCheck"
    ]
   },
   {
    "name": "envoy.health_checkers.redis",
    "category": "envoy.health_checkers",
    "type_descriptor": "",
    "disabled": false,
    "type_urls": [
     "envoy.extensions.health_checkers.redis.v3.Redis"
    ]
   },
   {
    "name": "envoy.health_checkers.tcp",
    "category": "envoy.health_checkers",
    "type_descriptor": "",
    "disabled": false,
    "type_urls": [
     "envoy.config.core.v3.HealthCheck.TcpHealthCheck"
    ]
   },
   {
    "name": "envoy.health_checkers.thrift",
    "category": "envoy.health_checkers",
    "type_descriptor": "",
    "disabled": false,
    "type_urls": [
     "envoy.extensions.health_checkers.thrift.v3.Thrift"
    ]
   },
   {
    "name": "envoy.generic_proxy.codecs.dubbo",
    "category": "envoy.generic_proxy.codecs",
    "type_descriptor": "",
    "disabled": false,
    "type_urls": [
     "envoy.extensions.filters.network.generic_proxy.codecs.dubbo.v3.DubboCodecConfig"
    ]
   },
   {
    "name": "envoy.generic_proxy.codecs.http1",
    "category": "envoy.generic_proxy.codecs",
    "type_descriptor": "",
    "disabled": false,
    "type_urls": [
     "envoy.extensions.filters.network.generic_proxy.codecs.http1.v3.Http1CodecConfig"
    ]
   },
   {
    "name": "envoy.matching.inputs.cel_data_input",
    "category": "envoy.matching.http.input",
    "type_descriptor": "",
    "disabled": false,
    "type_urls": [
     "xds.type.matcher.v3.HttpAttributesCelMatchInput"
    ]
   },
   {
    "name": "envoy.matching.inputs.destination_ip",
    "category": "envoy.matching.http.input",
    "type_descriptor": "",
    "disabled": false,
    "type_urls": [
     "envoy.extensions.matching.common_inputs.network.v3.DestinationIPInput"
    ]
   },
   {
    "name": "envoy.matching.inputs.destination_port",
    "category": "envoy.matching.http.input",
    "type_descriptor": "",
    "disabled": false,
    "type_urls": [
     "envoy.extensions.matching.common_inputs.network.v3.DestinationPortInput"
    ]
   },
   {
    "name": "envoy.matching.inputs.direct_source_ip",
    "category": "envoy.matching.http.input",
    "type_descriptor": "",
    "disabled": false,
    "type_urls": [
     "envoy.extensions.matching.common_inputs.network.v3.DirectSourceIPInput"
    ]
   },
   {
    "name": "envoy.matching.inputs.dns_san",
    "category": "envoy.matching.http.input",
    "type_descriptor": "",
    "disabled": false,
    "type_urls": [
     "envoy.extensions.matching.common_inputs.ssl.v3.DnsSanInput"
    ]
   },
   {
    "name": "envoy.matching.inputs.filter_state",
    "category": "envoy.matching.http.input",
    "type_descriptor": "",
    "disabled": false,
    "type_urls": [
     "envoy.extensions.matching.common_inputs.network.v3.FilterStateInput"
    ]
   },
   {
    "name": "envoy.matching.inputs.request_headers",
    "category": "envoy.matching.http.input",
    "type_descriptor": "",
    "disabled": false,
    "type_urls": [
     "envoy.type.matcher.v3.HttpRequestHeaderMatchInput"
    ]
   },
   {
    "name": "envoy.matching.inputs.request_trailers",
    "category": "envoy.matching.http.input",
    "type_descriptor": "",
    "disabled": false,
    "type_urls": [
     "envoy.type.matcher.v3.HttpRequestTrailerMatchInput"
    ]
   },
   {
    "name": "envoy.matching.inputs.response_headers",
    "category": "envoy.matching.http.input",
    "type_descriptor": "",
    "disabled": false,
    "type_urls": [
     "envoy.type.matcher.v3.HttpResponseHeaderMatchInput"
    ]
   },
   {
    "name": "envoy.matching.inputs.response_trailers",
    "category": "envoy.matching.http.input",
    "type_descriptor": "",
    "disabled": false,
    "type_urls": [
     "envoy.type.matcher.v3.HttpResponseTrailerMatchInput"
    ]
   },
   {
    "name": "envoy.matching.inputs.server_name",
    "category": "envoy.matching.http.input",
    "type_descriptor": "",
    "disabled": false,
    "type_urls": [
     "envoy.extensions.matching.common_inputs.network.v3.ServerNameInput"
    ]
   },
   {
    "name": "envoy.matching.inputs.source_ip",
    "category": "envoy.matching.http.input",
    "type_descriptor": "",
    "disabled": false,
    "type_urls": [
     "envoy.extensions.matching.common_inputs.network.v3.SourceIPInput"
    ]
   },
   {
    "name": "envoy.matching.inputs.source_port",
    "category": "envoy.matching.http.input",
    "type_descriptor": "",
    "disabled": false,
    "type_urls": [
     "envoy.extensions.matching.common_inputs.network.v3.SourcePortInput"
    ]
   },
   {
    "name": "envoy.matching.inputs.source_type",
    "category": "envoy.matching.http.input",
    "type_descriptor": "",
    "disabled": false,
    "type_urls": [
     "envoy.extensions.matching.common_inputs.network.v3.SourceTypeInput"
    ]
   },
   {
    "name": "envoy.matching.inputs.subject",
    "category": "envoy.matching.http.input",
    "type_descriptor": "",
    "disabled": false,
    "type_urls": [
     "envoy.extensions.matching.common_inputs.ssl.v3.SubjectInput"
    ]
   },
   {
    "name": "envoy.matching.inputs.uri_san",
    "category": "envoy.matching.http.input",
    "type_descriptor": "",
    "disabled": false,
    "type_urls": [
     "envoy.extensions.matching.common_inputs.ssl.v3.UriSanInput"
    ]
   },
   {
    "name": "query_params",
    "category": "envoy.matching.http.input",
    "type_descriptor": "",
    "disabled": false,
    "type_urls": [
     "envoy.type.matcher.v3.HttpRequestQueryParamMatchInput"
    ]
   },
   {
    "name": "envoy.wasm.runtime.null",
    "category": "envoy.wasm.runtime",
    "type_descriptor": "",
    "disabled": false,
    "type_urls": []
   },
   {
    "name": "envoy.wasm.runtime.v8",
    "category": "envoy.wasm.runtime",
    "type_descriptor": "",
    "disabled": false,
    "type_urls": []
   },
   {
    "name": "envoy.grpc_credentials.default",
    "category": "envoy.grpc_credentials",
    "type_descriptor": "",
    "disabled": false,
    "type_urls": []
   },
   {
    "name": "envoy.metrics_service",
    "category": "envoy.stats_sinks",
    "type_descriptor": "",
    "disabled": false,
    "type_urls": []
   },
   {
    "name": "envoy.open_telemetry_stat_sink",
    "category": "envoy.stats_sinks",
    "type_descriptor": "",
    "disabled": false,
    "type_urls": []
   },
   {
    "name": "envoy.stat_sinks.metrics_service",
    "category": "envoy.stats_sinks",
    "type_descriptor": "",
    "disabled": false,
    "type_urls": [
     "envoy.config.metrics.v3.MetricsServiceConfig"
    ]
   },
   {
    "name": "envoy.stat_sinks.open_telemetry",
    "category": "envoy.stats_sinks",
    "type_descriptor": "",
    "disabled": false,
    "type_urls": [
     "envoy.extensions.stat_sinks.open_telemetry.v3.SinkConfig"
    ]
   },
   {
    "name": "envoy.stat_sinks.wasm",
    "category": "envoy.stats_sinks",
    "type_descriptor": "",
    "disabled": false,
    "type_urls": [
     "envoy.extensions.stat_sinks.wasm.v3.Wasm"
    ]
   },
   {
    "name": "rate_limit_quota",
    "category": "envoy.matching.action",
    "type_descriptor": "",
    "disabled": false,
    "type_urls": [
     "envoy.extensions.filters.http.rate_limit_quota.v3.RateLimitQuotaBucketSettings"
    ]
   },
   {
    "name": "envoy.route_config_update_requester.default",
    "category": "envoy.route_config_update_requester",
    "type_descriptor": "",
    "disabled": false,
    "type_urls": []
   },
   {
    "name": "envoy.http.stateful_header_formatters.preserve_case",
    "category": "envoy.http.stateful_header_formatters",
    "type_descriptor": "",
    "disabled": false,
    "type_urls": [
     "envoy.extensions.http.header_formatters.preserve_case.v3.PreserveCaseFormatterConfig"
    ]
   },
   {
    "name": "preserve_case",
    "category": "envoy.http.stateful_header_formatters",
    "type_descriptor": "",
    "disabled": false,
    "type_urls": []
   },
   {
    "name": "cilium.bpf_metadata",
    "category": "envoy.filters.udp_listener",
    "type_descriptor": "",
    "version": {
     "version": {
      "major_number": 1,
      "minor_number": 1,
      "patch": 0
     },
     "metadata": {
      "": ""
     }
    },
    "disabled": false,
    "type_urls": [
     "cilium.BpfMetadata"
    ]
   },
   {
    "name": "envoy.filters.udp_listener.udp_proxy",
    "category": "envoy.filters.udp_listener",
    "type_descriptor": "",
    "disabled": false,
    "type_urls": [
     "envoy.extensions.filters.udp.udp_proxy.v3.UdpProxyConfig"
    ]
   },
   {
    "name": "cilium.network",
    "category": "envoy.filters.network",
    "type_descriptor": "",
    "disabled": false,
    "type_urls": [
     "cilium.NetworkFilter"
    ]
   },
   {
    "name": "cilium.network.websocket.client",
    "category": "envoy.filters.network",
    "type_descriptor": "",
    "disabled": false,
    "type_urls": [
     "cilium.WebSocketClient"
    ]
   },
   {
    "name": "cilium.network.websocket.server",
    "category": "envoy.filters.network",
    "type_descriptor": "",
    "disabled": false,
    "type_urls": [
     "cilium.WebSocketServer"
    ]
   },
   {
    "name": "envoy.ext_authz",
    "category": "envoy.filters.network",
    "type_descriptor": "",
    "disabled": false,
    "type_urls": []
   },
   {
    "name": "envoy.filters.network.connection_limit",
    "category": "envoy.filters.network",
    "type_descriptor": "",
    "disabled": false,
    "type_urls": [
     "envoy.extensions.filters.network.connection_limit.v3.ConnectionLimit"
    ]
   },
   {
    "name": "envoy.filters.network.ext_authz",
    "category": "envoy.filters.network",
    "type_descriptor": "",
    "disabled": false,
    "type_urls": [
     "envoy.extensions.filters.network.ext_authz.v3.ExtAuthz"
    ]
   },
   {
    "name": "envoy.filters.network.http_connection_manager",
    "category": "envoy.filters.network",
    "type_descriptor": "",
    "disabled": false,
    "type_urls": [
     "envoy.extensions.filters.network.http_connection_manager.v3.HttpConnectionManager"
    ]
   },
   {
    "name": "envoy.filters.network.local_ratelimit",
    "category": "envoy.filters.network",
    "type_descriptor": "",
    "disabled": false,
    "type_urls": [
     "envoy.extensions.filters.network.local_ratelimit.v3.LocalRateLimit"
    ]
   },
   {
    "name": "envoy.filters.network.mongo_proxy",
    "category": "envoy.filters.network",
    "type_descriptor": "",
    "disabled": false,
    "type_urls": [
     "envoy.extensions.filters.network.mongo_proxy.v3.MongoProxy"
    ]
   },
   {
    "name": "envoy.filters.network.mysql_proxy",
    "category": "envoy.filters.network",
    "type_descriptor": "",
    "disabled": false,
    "type_urls": [
     "envoy.extensions.filters.network.mysql_proxy.v3.MySQLProxy"
    ]
   },
   {
    "name": "envoy.filters.network.ratelimit",
    "category": "envoy.filters.network",
    "type_descriptor": "",
    "disabled": false,
    "type_urls": [
     "envoy.extensions.filters.network.ratelimit.v3.RateLimit"
    ]
   },
   {
    "name": "envoy.filters.network.rbac",
    "category": "envoy.filters.network",
    "type_descriptor": "",
    "disabled": false,
    "type_urls": [
     "envoy.extensions.filters.network.rbac.v3.RBAC"
    ]
   },
   {
    "name": "envoy.filters.network.redis_proxy",
    "category": "envoy.filters.network",
    "type_descriptor": "",
    "disabled": false,
    "type_urls": [
     "envoy.extensions.filters.network.redis_proxy.v3.RedisProxy"
    ]
   },
   {
    "name": "envoy.filters.network.set_filter_state",
    "category": "envoy.filters.network",
    "type_descriptor": "",
    "disabled": false,
    "type_urls": [
     "envoy.extensions.filters.network.set_filter_state.v3.Config"
    ]
   },
   {
    "name": "envoy.filters.network.sni_cluster",
    "category": "envoy.filters.network",
    "type_descriptor": "",
    "disabled": false,
    "type_urls": [
     "envoy.extensions.filters.network.sni_cluster.v3.SniCluster"
    ]
   },
   {
    "name": "envoy.filters.network.sni_dynamic_forward_proxy",
    "category": "envoy.filters.network",
    "type_descriptor": "",
    "disabled": false,
    "type_urls": [
     "envoy.extensions.filters.network.sni_dynamic_forward_proxy.v3.FilterConfig"
    ]
   },
   {
    "name": "envoy.filters.network.tcp_proxy",
    "category": "envoy.filters.network",
    "type_descriptor": "",
    "disabled": false,
    "type_urls": [
     "envoy.extensions.filters.network.tcp_proxy.v3.TcpProxy"
    ]
   },
   {
    "name": "envoy.filters.network.thrift_proxy",
    "category": "envoy.filters.network",
    "type_descriptor": "",
    "disabled": false,
    "type_urls": [
     "envoy.extensions.filters.network.thrift_proxy.v3.ThriftProxy"
    ]
   },
   {
    "name": "envoy.filters.network.wasm",
    "category": "envoy.filters.network",
    "type_descriptor": "",
    "disabled": false,
    "type_urls": [
     "envoy.extensions.filters.network.wasm.v3.Wasm"
    ]
   },
   {
    "name": "envoy.http_connection_manager",
    "category": "envoy.filters.network",
    "type_descriptor": "",
    "disabled": false,
    "type_urls": []
   },
   {
    "name": "envoy.mongo_proxy",
    "category": "envoy.filters.network",
    "type_descriptor": "",
    "disabled": false,
    "type_urls": []
   },
   {
    "name": "envoy.ratelimit",
    "category": "envoy.filters.network",
    "type_descriptor": "",
    "disabled": false,
    "type_urls": []
   },
   {
    "name": "envoy.redis_proxy",
    "category": "envoy.filters.network",
    "type_descriptor": "",
    "disabled": false,
    "type_urls": []
   },
   {
    "name": "envoy.tcp_proxy",
    "category": "envoy.filters.network",
    "type_descriptor": "",
    "disabled": false,
    "type_urls": []
   },
   {
    "name": "envoy.network.dns_resolver.cares",
    "category": "envoy.network.dns_resolver",
    "type_descriptor": "",
    "disabled": false,
    "type_urls": [
     "envoy.extensions.network.dns_resolver.cares.v3.CaresDnsResolverConfig"
    ]
   },
   {
    "name": "envoy.filters.thrift.router",
    "category": "envoy.thrift_proxy.filters",
    "type_descriptor": "",
    "disabled": false,
    "type_urls": [
     "envoy.extensions.filters.network.thrift_proxy.router.v3.Router"
    ]
   },
   {
    "name": "envoy.udp_packet_writer.default",
    "category": "envoy.udp_packet_writer",
    "type_descriptor": "",
    "disabled": false,
    "type_urls": [
     "envoy.extensions.udp_packet_writer.v3.UdpDefaultWriterFactory"
    ]
   },
   {
    "name": "envoy.udp_packet_writer.gso",
    "category": "envoy.udp_packet_writer",
    "type_descriptor": "",
    "disabled": false,
    "type_urls": [
     "envoy.extensions.udp_packet_writer.v3.UdpGsoBatchWriterFactory"
    ]
   },
   {
    "name": "envoy.regex_engines.google_re2",
    "category": "envoy.regex_engines",
    "type_descriptor": "",
    "disabled": false,
    "type_urls": [
     "envoy.extensions.regex_engines.v3.GoogleRE2"
    ]
   },
   {
    "name": "auto",
    "category": "envoy.thrift_proxy.transports",
    "type_descriptor": "",
    "disabled": false,
    "type_urls": []
   },
   {
    "name": "framed",
    "category": "envoy.thrift_proxy.transports",
    "type_descriptor": "",
    "disabled": false,
    "type_urls": []
   },
   {
    "name": "header",
    "category": "envoy.thrift_proxy.transports",
    "type_descriptor": "",
    "disabled": false,
    "type_urls": []
   },
   {
    "name": "unframed",
    "category": "envoy.thrift_proxy.transports",
    "type_descriptor": "",
    "disabled": false,
    "type_urls": []
   },
   {
    "name": "cilium.tls_wrapper",
    "category": "envoy.transport_sockets.upstream",
    "type_descriptor": "",
    "disabled": false,
    "type_urls": [
     "cilium.UpstreamTlsWrapperContext"
    ]
   },
   {
    "name": "envoy.transport_sockets.internal_upstream",
    "category": "envoy.transport_sockets.upstream",
    "type_descriptor": "",
    "disabled": false,
    "type_urls": [
     "envoy.extensions.transport_sockets.internal_upstream.v3.InternalUpstreamTransport"
    ]
   },
   {
    "name": "envoy.transport_sockets.quic",
    "category": "envoy.transport_sockets.upstream",
    "type_descriptor": "",
    "disabled": false,
    "type_urls": [
     "envoy.extensions.transport_sockets.quic.v3.QuicUpstreamTransport"
    ]
   },
   {
    "name": "envoy.transport_sockets.raw_buffer",
    "category": "envoy.transport_sockets.upstream",
    "type_descriptor": "",
    "disabled": false,
    "type_urls": [
     "envoy.extensions.transport_sockets.raw_buffer.v3.RawBuffer"
    ]
   },
   {
    "name": "envoy.transport_sockets.tls",
    "category": "envoy.transport_sockets.upstream",
    "type_descriptor": "",
    "disabled": false,
    "type_urls": [
     "envoy.extensions.transport_sockets.tls.v3.UpstreamTlsContext"
    ]
   },
   {
    "name": "envoy.transport_sockets.upstream_proxy_protocol",
    "category": "envoy.transport_sockets.upstream",
    "type_descriptor": "",
    "disabled": false,
    "type_urls": [
     "envoy.extensions.transport_sockets.proxy_protocol.v3.ProxyProtocolUpstreamTransport"
    ]
   },
   {
    "name": "raw_buffer",
    "category": "envoy.transport_sockets.upstream",
    "type_descriptor": "",
    "disabled": false,
    "type_urls": []
   },
   {
    "name": "tls",
    "category": "envoy.transport_sockets.upstream",
    "type_descriptor": "",
    "disabled": false,
    "type_urls": []
   },
   {
    "name": "envoy.filters.generic.router",
    "category": "envoy.generic_proxy.filters",
    "type_descriptor": "",
    "disabled": false,
    "type_urls": [
     "envoy.extensions.filters.network.generic_proxy.router.v3.Router"
    ]
   },
   {
    "name": "envoy.rbac.matchers.upstream_ip_port",
    "category": "envoy.rbac.matchers",
    "type_descriptor": "",
    "disabled": false,
    "type_urls": [
     "envoy.extensions.rbac.matchers.upstream_ip_port.v3.UpstreamIpPortMatcher"
    ]
   },
   {
    "name": "envoy.extensions.upstreams.http.v3.HttpProtocolOptions",
    "category": "envoy.upstream_options",
    "type_descriptor": "",
    "disabled": false,
    "type_urls": [
     "envoy.extensions.upstreams.http.v3.HttpProtocolOptions"
    ]
   },
   {
    "name": "envoy.extensions.upstreams.tcp.v3.TcpProtocolOptions",
    "category": "envoy.upstream_options",
    "type_descriptor": "",
    "disabled": false,
    "type_urls": [
     "envoy.extensions.upstreams.tcp.v3.TcpProtocolOptions"
    ]
   },
   {
    "name": "envoy.upstreams.http.http_protocol_options",
    "category": "envoy.upstream_options",
    "type_descriptor": "",
    "disabled": false,
    "type_urls": []
   },
   {
    "name": "envoy.upstreams.tcp.tcp_protocol_options",
    "category": "envoy.upstream_options",
    "type_descriptor": "",
    "disabled": false,
    "type_urls": []
   },
   {
    "name": "quic.http_server_connection.default",
    "category": "quic.http_server_connection",
    "type_descriptor": "",
    "disabled": false,
    "type_urls": []
   },
   {
    "name": "cilium.bpf_metadata",
    "category": "envoy.filters.listener",
    "type_descriptor": "",
    "version": {
     "version": {
      "major_number": 1,
      "minor_number": 1,
      "patch": 0
     },
     "metadata": {
      "": ""
     }
    },
    "disabled": false,
    "type_urls": [
     "cilium.BpfMetadata"
    ]
   },
   {
    "name": "envoy.filters.listener.http_inspector",
    "category": "envoy.filters.listener",
    "type_descriptor": "",
    "disabled": false,
    "type_urls": [
     "envoy.extensions.filters.listener.http_inspector.v3.HttpInspector"
    ]
   },
   {
    "name": "envoy.filters.listener.local_ratelimit",
    "category": "envoy.filters.listener",
    "type_descriptor": "",
    "disabled": false,
    "type_urls": [
     "envoy.extensions.filters.listener.local_ratelimit.v3.LocalRateLimit"
    ]
   },
   {
    "name": "envoy.filters.listener.proxy_protocol",
    "category": "envoy.filters.listener",
    "type_descriptor": "",
    "disabled": false,
    "type_urls": [
     "envoy.extensions.filters.listener.proxy_protocol.v3.ProxyProtocol"
    ]
   },
   {
    "name": "envoy.filters.listener.tls_inspector",
    "category": "envoy.filters.listener",
    "type_descriptor": "",
    "disabled": false,
    "type_urls": [
     "envoy.extensions.filters.listener.tls_inspector.v3.TlsInspector"
    ]
   },
   {
    "name": "envoy.listener.http_inspector",
    "category": "envoy.filters.listener",
    "type_descriptor": "",
    "disabled": false,
    "type_urls": []
   },
   {
    "name": "envoy.listener.proxy_protocol",
    "category": "envoy.filters.listener",
    "type_descriptor": "",
    "disabled": false,
    "type_urls": []
   },
   {
    "name": "envoy.listener.tls_inspector",
    "category": "envoy.filters.listener",
    "type_descriptor": "",
    "disabled": false,
    "type_urls": []
   },
   {
    "name": "envoy.filters.connection_pools.tcp.generic",
    "category": "envoy.upstreams",
    "type_descriptor": "",
    "disabled": false,
    "type_urls": [
     "envoy.extensions.upstreams.tcp.generic.v3.GenericConnectionPoolProto"
    ]
   },
   {
    "name": "envoy.matching.inputs.destination_ip",
    "category": "envoy.matching.network.input",
    "type_descriptor": "",
    "disabled": false,
    "type_urls": [
     "envoy.extensions.matching.common_inputs.network.v3.DestinationIPInput"
    ]
   },
   {
    "name": "envoy.matching.inputs.destination_port",
    "category": "envoy.matching.network.input",
    "type_descriptor": "",
    "disabled": false,
    "type_urls": [
     "envoy.extensions.matching.common_inputs.network.v3.DestinationPortInput"
    ]
   },
   {
    "name": "envoy.matching.inputs.direct_source_ip",
    "category": "envoy.matching.network.input",
    "type_descriptor": "",
    "disabled": false,
    "type_urls": [
     "envoy.extensions.matching.common_inputs.network.v3.DirectSourceIPInput"
    ]
   },
   {
    "name": "envoy.matching.inputs.dns_san",
    "category": "envoy.matching.network.input",
    "type_descriptor": "",
    "disabled": false,
    "type_urls": [
     "envoy.extensions.matching.common_inputs.ssl.v3.DnsSanInput"
    ]
   },
   {
    "name": "envoy.matching.inputs.filter_state",
    "category": "envoy.matching.network.input",
    "type_descriptor": "",
    "disabled": false,
    "type_urls": [
     "envoy.extensions.matching.common_inputs.network.v3.FilterStateInput"
    ]
   },
   {
    "name": "envoy.matching.inputs.server_name",
    "category": "envoy.matching.network.input",
    "type_descriptor": "",
    "disabled": false,
    "type_urls": [
     "envoy.extensions.matching.common_inputs.network.v3.ServerNameInput"
    ]
   },
   {
    "name": "envoy.matching.inputs.source_ip",
    "category": "envoy.matching.network.input",
    "type_descriptor": "",
    "disabled": false,
    "type_urls": [
     "envoy.extensions.matching.common_inputs.network.v3.SourceIPInput"
    ]
   },
   {
    "name": "envoy.matching.inputs.source_port",
    "category": "envoy.matching.network.input",
    "type_descriptor": "",
    "disabled": false,
    "type_urls": [
     "envoy.extensions.matching.common_inputs.network.v3.SourcePortInput"
    ]
   },
   {
    "name": "envoy.matching.inputs.source_type",
    "category": "envoy.matching.network.input",
    "type_descriptor": "",
    "disabled": false,
    "type_urls": [
     "envoy.extensions.matching.common_inputs.network.v3.SourceTypeInput"
    ]
   },
   {
    "name": "envoy.matching.inputs.subject",
    "category": "envoy.matching.network.input",
    "type_descriptor": "",
    "disabled": false,
    "type_urls": [
     "envoy.extensions.matching.common_inputs.ssl.v3.SubjectInput"
    ]
   },
   {
    "name": "envoy.matching.inputs.transport_protocol",
    "category": "envoy.matching.network.input",
    "type_descriptor": "",
    "disabled": false,
    "type_urls": [
     "envoy.extensions.matching.common_inputs.network.v3.TransportProtocolInput"
    ]
   },
   {
    "name": "envoy.matching.inputs.uri_san",
    "category": "envoy.matching.network.input",
    "type_descriptor": "",
    "disabled": false,
    "type_urls": [
     "envoy.extensions.matching.common_inputs.ssl.v3.UriSanInput"
    ]
   },
   {
    "name": "cilium.l7policy",
    "category": "envoy.filters.http",
    "type_descriptor": "",
    "disabled": false,
    "type_urls": [
     "cilium.L7Policy"
    ]
   },
   {
    "name": "envoy.ext_authz",
    "category": "envoy.filters.http",
    "type_descriptor": "",
    "disabled": false,
    "type_urls": []
   },
   {
    "name": "envoy.filters.http.basic_auth",
    "category": "envoy.filters.http",
    "type_descriptor": "",
    "disabled": false,
    "type_urls": [
     "envoy.extensions.filters.http.basic_auth.v3.BasicAuth",
     "envoy.extensions.filters.http.basic_auth.v3.BasicAuthPerRoute"
    ]
   },
   {
    "name": "envoy.filters.http.dynamic_forward_proxy",
    "category": "envoy.filters.http",
    "type_descriptor": "",
    "disabled": false,
    "type_urls": [
     "envoy.extensions.filters.http.dynamic_forward_proxy.v3.FilterConfig",
     "envoy.extensions.filters.http.dynamic_forward_proxy.v3.PerRouteConfig"
    ]
   },
   {
    "name": "envoy.filters.http.ext_authz",
    "category": "envoy.filters.http",
    "type_descriptor": "",
    "disabled": false,
    "type_urls": [
     "envoy.extensions.filters.http.ext_authz.v3.ExtAuthz",
     "envoy.extensions.filters.http.ext_authz.v3.ExtAuthzPerRoute"
    ]
   },
   {
    "name": "envoy.filters.http.grpc_stats",
    "category": "envoy.filters.http",
    "type_descriptor": "",
    "disabled": false,
    "type_urls": [
     "envoy.extensions.filters.http.grpc_stats.v3.FilterConfig"
    ]
   },
   {
    "name": "envoy.filters.http.grpc_web",
    "category": "envoy.filters.http",
    "type_descriptor": "",
    "disabled": false,
    "type_urls": [
     "envoy.extensions.filters.http.grpc_web.v3.GrpcWeb"
    ]
   },
   {
    "name": "envoy.filters.http.health_check",
    "category": "envoy.filters.http",
    "type_descriptor": "",
    "disabled": false,
    "type_urls": [
     "envoy.extensions.filters.http.health_check.v3.HealthCheck"
    ]
   },
   {
    "name": "envoy.filters.http.jwt_authn",
    "category": "envoy.filters.http",
    "type_descriptor": "",
    "disabled": false,
    "type_urls": [
     "envoy.extensions.filters.http.jwt_authn.v3.JwtAuthentication",
     "envoy.extensions.filters.http.jwt_authn.v3.PerRouteConfig"
    ]
   },
   {
    "name": "envoy.filters.http.local_ratelimit",
    "category": "envoy.filters.http",
    "type_descriptor": "",
    "disabled": false,
    "type_urls": [
     "envoy.extensions.filters.http.local_ratelimit.v3.LocalRateLimit"
    ]
   },
   {
    "name": "envoy.filters.http.match_delegate",
    "category": "envoy.filters.http",
    "type_descriptor": "",
    "disabled": false,
    "type_urls": [
     "envoy.extensions.common.matching.v3.ExtensionWithMatcher",
     "envoy.extensions.common.matching.v3.ExtensionWithMatcherPerRoute"
    ]
   },
   {
    "name": "envoy.filters.http.oauth2",
    "category": "envoy.filters.http",
    "type_descriptor": "",
    "disabled": false,
    "type_urls": [
     "envoy.extensions.filters.http.oauth2.v3.OAuth2"
    ]
   },
   {
    "name": "envoy.filters.http.rate_limit_quota",
    "category": "envoy.filters.http",
    "type_descriptor": "",
    "disabled": false,
    "type_urls": [
     "envoy.extensions.filters.http.rate_limit_quota.v3.RateLimitQuotaFilterConfig",
     "envoy.extensions.filters.http.rate_limit_quota.v3.RateLimitQuotaOverride"
    ]
   },
   {
    "name": "envoy.filters.http.ratelimit",
    "category": "envoy.filters.http",
    "type_descriptor": "",
    "disabled": false,
    "type_urls": [
     "envoy.extensions.filters.http.ratelimit.v3.RateLimit",
     "envoy.extensions.filters.http.ratelimit.v3.RateLimitPerRoute"
    ]
   },
   {
    "name": "envoy.filters.http.rbac",
    "category": "envoy.filters.http",
    "type_descriptor": "",
    "disabled": false,
    "type_urls": [
     "envoy.extensions.filters.http.rbac.v3.RBAC",
     "envoy.extensions.filters.http.rbac.v3.RBACPerRoute"
    ]
   },
   {
    "name": "envoy.filters.http.router",
    "category": "envoy.filters.http",
    "type_descriptor": "",
    "disabled": false,
    "type_urls": [
     "envoy.extensions.filters.http.router.v3.Router"
    ]
   },
   {
    "name": "envoy.filters.http.set_filter_state",
    "category": "envoy.filters.http",
    "type_descriptor": "",
    "disabled": false,
    "type_urls": [
     "envoy.extensions.filters.http.set_filter_state.v3.Config"
    ]
   },
   {
    "name": "envoy.filters.http.set_metadata",
    "category": "envoy.filters.http",
    "type_descriptor": "",
    "disabled": false,
    "type_urls": [
     "envoy.extensions.filters.http.set_metadata.v3.Config"
    ]
   },
   {
    "name": "envoy.filters.http.wasm",
    "category": "envoy.filters.http",
    "type_descriptor": "",
    "disabled": false,
    "type_urls": [
     "envoy.extensions.filters.http.wasm.v3.Wasm"
    ]
   },
   {
    "name": "envoy.grpc_web",
    "category": "envoy.filters.http",
    "type_descriptor": "",
    "disabled": false,
    "type_urls": []
   },
   {
    "name": "envoy.health_check",
    "category": "envoy.filters.http",
    "type_descriptor": "",
    "disabled": false,
    "type_urls": []
   },
   {
    "name": "envoy.local_rate_limit",
    "category": "envoy.filters.http",
    "type_descriptor": "",
    "disabled": false,
    "type_urls": []
   },
   {
    "name": "envoy.rate_limit",
    "category": "envoy.filters.http",
    "type_descriptor": "",
    "disabled": false,
    "type_urls": []
   },
   {
    "name": "envoy.router",
    "category": "envoy.filters.http",
    "type_descriptor": "",
    "disabled": false,
    "type_urls": []
   },
   {
    "name": "envoy.http.early_header_mutation.header_mutation",
    "category": "envoy.http.early_header_mutation",
    "type_descriptor": "",
    "disabled": false,
    "type_urls": [
     "envoy.extensions.http.early_header_mutation.header_mutation.v3.HeaderMutation"
    ]
   },
   {
    "name": "envoy.route.early_data_policy.default",
    "category": "envoy.route.early_data_policy",
    "type_descriptor": "",
    "disabled": false,
    "type_urls": [
     "envoy.extensions.early_data.v3.DefaultEarlyDataPolicy"
    ]
   }
  ],
  "client_features": [],
  "listening_addresses": [],
  "dynamic_parameters": {}
 }
}
