[{"Name":"k8s-master-n1","Cluster":"default","IPAddresses":[{"Type":"InternalIP","IP":"91.217.196.189"},{"Type":"CiliumInternalIP","IP":"10.0.0.124"}],"IPv4AllocCIDR":{"IP":"10.0.0.0","Mask":"////AA=="},"IPv4SecondaryAllocCIDRs":null,"IPv6AllocCIDR":null,"IPv6SecondaryAllocCIDRs":null,"IPv4HealthIP":"10.0.0.203","IPv6HealthIP":"","IPv4IngressIP":"","IPv6IngressIP":"","ClusterID":0,"Source":"custom-resource","EncryptionKey":0,"Labels":{"kubernetes.io/arch":"amd64","kubernetes.io/hostname":"k8s-master-n1","kubernetes.io/os":"linux","node-role.kubernetes.io/control-plane":"","node.kubernetes.io/exclude-from-external-load-balancers":"","beta.kubernetes.io/arch":"amd64","beta.kubernetes.io/os":"linux","k8slens-edit-resource-version":"v1"},"Annotations":null,"NodeIdentity":0,"WireguardPubKey":"","BootID":"cdba2016-2543-4d9f-88f0-f23712108cd8"},{"Name":"k8s-worker-n1","Cluster":"default","IPAddresses":[{"Type":"InternalIP","IP":"91.217.196.183"},{"Type":"CiliumInternalIP","IP":"10.0.1.138"}],"IPv4AllocCIDR":{"IP":"10.0.1.0","Mask":"////AA=="},"IPv4SecondaryAllocCIDRs":null,"IPv6AllocCIDR":null,"IPv6SecondaryAllocCIDRs":null,"IPv4HealthIP":"10.0.1.237","IPv6HealthIP":"","IPv4IngressIP":"","IPv6IngressIP":"","ClusterID":0,"Source":"local","EncryptionKey":0,"Labels":{"beta.kubernetes.io/arch":"amd64","beta.kubernetes.io/os":"linux","k8slens-edit-resource-version":"v1","kubernetes.io/arch":"amd64","kubernetes.io/hostname":"k8s-worker-n1","kubernetes.io/os":"linux","node-role.kubernetes.io/worker":""},"Annotations":{},"NodeIdentity":1,"WireguardPubKey":"","BootID":"1e262991-7dc8-45ea-a143-ccdf7924d98a"}]
