{"ID":398,"ContainerName":"","dockerID":"404de15e19e0249e08a21a64ef9c9f678fc8d3d0826fe6a27c0d02ab422ad5c8","DockerNetworkID":"","DockerEndpointID":"","IfName":"lxcf57d951d1bb3","IfIndex":68,"ParentIfIndex":0,"ContainerIfName":"eth0","DisableLegacyIdentifiers":false,"OpLabels":{"Custom":{},"OrchestrationIdentity":{"io.cilium.k8s.namespace.labels.kubernetes.io/metadata.name":{"key":"io.cilium.k8s.namespace.labels.kubernetes.io/metadata.name","value":"default","source":"k8s"},"io.cilium.k8s.policy.cluster":{"key":"io.cilium.k8s.policy.cluster","value":"default","source":"k8s"},"io.cilium.k8s.policy.serviceaccount":{"key":"io.cilium.k8s.policy.serviceaccount","value":"default","source":"k8s"},"io.kubernetes.pod.namespace":{"key":"io.kubernetes.pod.namespace","value":"default","source":"k8s"}},"Disabled":{},"OrchestrationInfo":{}},"LXCMAC":"3a:c3:97:18:be:fc","IPv6":"","IPv6IPAMPool":"","IPv4":"10.0.0.236","IPv4IPAMPool":"default","NodeMAC":"ca:e6:42:de:e8:18","SecLabel":{"id":64642,"labels":{"io.cilium.k8s.namespace.labels.kubernetes.io/metadata.name":{"key":"io.cilium.k8s.namespace.labels.kubernetes.io/metadata.name","value":"default","source":"k8s"},"io.cilium.k8s.policy.cluster":{"key":"io.cilium.k8s.policy.cluster","value":"default","source":"k8s"},"io.cilium.k8s.policy.serviceaccount":{"key":"io.cilium.k8s.policy.serviceaccount","value":"default","source":"k8s"},"io.kubernetes.pod.namespace":{"key":"io.kubernetes.pod.namespace","value":"default","source":"k8s"}}},"Options":{"map":{"ConntrackAccounting":0,"Debug":0,"DebugLB":0,"DebugPolicy":0,"DropNotification":1,"MonitorAggregationLevel":3,"PolicyAccounting":1,"PolicyAuditMode":0,"PolicyVerdictNotification":1,"SourceIPVerification":1,"TraceNotification":1}},"DNSRules":{},"DNSRulesV2":{},"DNSHistory":[],"DNSZombies":{},"K8sPodName":"dnsutils","K8sNamespace":"default","K8sUID":"1fd2ecd0-8143-4d0e-b956-c31c41d7b357","DatapathConfiguration":{},"CiliumEndpointUID":"bdf2a008-5fd9-4872-ad4a-c22cb6008cfa","Properties":{},"NetnsCookie":20487}