{"ID":1178,"ContainerName":"","dockerID":"f8e6ef29dd4fef0fe6ae4acb4061aa0ae5d20e2cd052db130bc5dcab99254efd","DockerNetworkID":"","DockerEndpointID":"","IfName":"lxc1a9e66ab2e3d","IfIndex":88,"ParentIfIndex":0,"ContainerIfName":"eth0","DisableLegacyIdentifiers":false,"OpLabels":{"Custom":{},"OrchestrationIdentity":{"app.kubernetes.io/name":{"key":"app.kubernetes.io/name","value":"hubble-ui","source":"k8s"},"app.kubernetes.io/part-of":{"key":"app.kubernetes.io/part-of","value":"cilium","source":"k8s"},"io.cilium.k8s.namespace.labels.kubernetes.io/metadata.name":{"key":"io.cilium.k8s.namespace.labels.kubernetes.io/metadata.name","value":"kube-system","source":"k8s"},"io.cilium.k8s.policy.cluster":{"key":"io.cilium.k8s.policy.cluster","value":"default","source":"k8s"},"io.cilium.k8s.policy.serviceaccount":{"key":"io.cilium.k8s.policy.serviceaccount","value":"hubble-ui","source":"k8s"},"io.kubernetes.pod.namespace":{"key":"io.kubernetes.pod.namespace","value":"kube-system","source":"k8s"},"k8s-app":{"key":"k8s-app","value":"hubble-ui","source":"k8s"}},"Disabled":{},"OrchestrationInfo":{"pod-template-hash":{"key":"pod-template-hash","value":"655f947f96","source":"k8s"}}},"LXCMAC":"66:0e:21:74:33:51","IPv6":"","IPv6IPAMPool":"","IPv4":"10.0.1.78","IPv4IPAMPool":"default","NodeMAC":"fa:54:30:02:7f:19","SecLabel":{"id":2284,"labels":{"app.kubernetes.io/name":{"key":"app.kubernetes.io/name","value":"hubble-ui","source":"k8s"},"app.kubernetes.io/part-of":{"key":"app.kubernetes.io/part-of","value":"cilium","source":"k8s"},"io.cilium.k8s.namespace.labels.kubernetes.io/metadata.name":{"key":"io.cilium.k8s.namespace.labels.kubernetes.io/metadata.name","value":"kube-system","source":"k8s"},"io.cilium.k8s.policy.cluster":{"key":"io.cilium.k8s.policy.cluster","value":"default","source":"k8s"},"io.cilium.k8s.policy.serviceaccount":{"key":"io.cilium.k8s.policy.serviceaccount","value":"hubble-ui","source":"k8s"},"io.kubernetes.pod.namespace":{"key":"io.kubernetes.pod.namespace","value":"kube-system","source":"k8s"},"k8s-app":{"key":"k8s-app","value":"hubble-ui","source":"k8s"}}},"Options":{"map":{"ConntrackAccounting":0,"Debug":0,"DebugLB":0,"DebugPolicy":0,"DropNotification":1,"MonitorAggregationLevel":3,"PolicyAccounting":1,"PolicyAuditMode":0,"PolicyVerdictNotification":1,"SourceIPVerification":1,"TraceNotification":1}},"DNSRules":{},"DNSRulesV2":{},"DNSHistory":[],"DNSZombies":{},"K8sPodName":"hubble-ui-655f947f96-bdmvs","K8sNamespace":"kube-system","K8sUID":"77da1804-ffec-4f8f-8cf4-b7a8c47e6790","DatapathConfiguration":{},"CiliumEndpointUID":"b2d2a371-4022-488d-bf8a-ad702687932c","Properties":{},"NetnsCookie":4104}