{"ID":342,"ContainerName":"","DockerNetworkID":"","DockerEndpointID":"","IfName":"cilium_host","IfIndex":4,"ParentIfIndex":0,"ContainerIfName":"","DisableLegacyIdentifiers":false,"OpLabels":{"Custom":{"k8slens-edit-resource-version":{"key":"k8slens-edit-resource-version","value":"v1","source":"k8s"}},"OrchestrationIdentity":{"host":{"key":"host","source":"reserved"},"k8slens-edit-resource-version":{"key":"k8slens-edit-resource-version","value":"v1","source":"k8s"},"node-role.kubernetes.io/control-plane":{"key":"node-role.kubernetes.io/control-plane","source":"k8s"},"node.kubernetes.io/exclude-from-external-load-balancers":{"key":"node.kubernetes.io/exclude-from-external-load-balancers","source":"k8s"}},"Disabled":{},"OrchestrationInfo":{"host":{"key":"host","source":"reserved"},"k8slens-edit-resource-version":{"key":"k8slens-edit-resource-version","value":"v1","source":"k8s"},"node-role.kubernetes.io/control-plane":{"key":"node-role.kubernetes.io/control-plane","source":"k8s"},"node.kubernetes.io/exclude-from-external-load-balancers":{"key":"node.kubernetes.io/exclude-from-external-load-balancers","source":"k8s"}}},"LXCMAC":"8a:2a:c0:92:10:72","IPv6":"","IPv6IPAMPool":"","IPv4":"","IPv4IPAMPool":"","NodeMAC":"8a:2a:c0:92:10:72","SecLabel":{"id":1,"labels":{"host":{"key":"host","source":"reserved"},"k8slens-edit-resource-version":{"key":"k8slens-edit-resource-version","value":"v1","source":"k8s"},"node-role.kubernetes.io/control-plane":{"key":"node-role.kubernetes.io/control-plane","source":"k8s"},"node.kubernetes.io/exclude-from-external-load-balancers":{"key":"node.kubernetes.io/exclude-from-external-load-balancers","source":"k8s"}}},"Options":{"map":{"ConntrackAccounting":0,"Debug":0,"DebugLB":0,"DebugPolicy":0,"DropNotification":1,"MonitorAggregationLevel":3,"PolicyAccounting":1,"PolicyAuditMode":0,"PolicyVerdictNotification":1,"SourceIPVerification":1,"TraceNotification":1}},"DNSRules":{},"DNSRulesV2":{},"DNSHistory":[],"DNSZombies":{},"K8sPodName":"","K8sNamespace":"","K8sUID":"","DatapathConfiguration":{},"CiliumEndpointUID":"","Properties":{},"NetnsCookie":0}